{
    "system": {
        "dataset": "LineCls",
        "batch_size": 26,
        "sampling_function": "kp_detection",

        "train_split": "trainchart",
        "val_split": "valchart",
        "test_split": "testchart",

        "learning_rate": 0.00025,
        "decay_rate": 10,

        "val_iter": 100,

        "opt_algo": "adam",
        "prefetch_size": 5,

        "max_iter": 20000,
        "stepsize": 4000,
        "snapshot": 2000,

        "chunk_sizes": [5, 7, 7, 7],

        "data_dir": "$AZUREML_DATAREFERENCE_workspaceblobstore/chartdata(0610)/",
        "cache_dir": "./cache_pure/"
    },
    
    "db": {
        "rand_scale_min": 0.6,
        "rand_scale_max": 1.4,
        "rand_scale_step": 0.1,
        "rand_scales": null,

        "rand_crop": true,
        "rand_color": true,

        "border": 128,
        "gaussian_bump": true,
        "gaussian_iou": 0.3,

        "input_size": [511, 511],
        "output_sizes": [[128, 128]],

        "test_scales": [1],

        "top_k": 100,
        "categories": 6,
        "ae_threshold": 0.5,
        "nms_threshold": 0.5,

        "max_per_image": 100
    }
}
